Search Term,Target
"Animals, Dead animals, Dead Mouse, Dead mice, Dead rats, Dead rodents",/site/dsny/collection/get-rid-of/animals.page
Appliances,/site/dsny/collection/get-rid-of/appliances.page
"Dishwashers, Microwaves, Ovens, Ranges, Stoves, Washing machines, Dryers, Large appliances",/site/dsny/collection/get-rid-of/appliances.page#large-items
"Blenders, Coffee makers, Food processors, Stand mixers, Toasters, Toaster ovens, Rice cookers, Slow cookers, Small appliances, Vacuum  cleaners with cords, Stick vacuum  cleaners, hand-held vacuums, Dustbusters, Fans, Desk fans, Box fans, Paper shredders, Humidifiers, Lawn mowers, Lawn and hedge trimmers, Leaf blowers, Snow blowers, Power tools",/site/dsny/collection/get-rid-of/appliances.page#small-appliances
"Refrigerators, Freezers, Water coolers, Wine coolers, Air conditioners, A/Cs units, Dehumidifiers",/site/dsny/collection/get-rid-of/appliances.page#cfc
"Smoke detectors, Smoke alarms, Carbon monoxide detectors, Carbon monoxide alarms, Fire safety devices, CO detectors, CO alarms",/site/dsny/collection/get-rid-of/appliances.page#smoke-carbon-monoxide-detectors
"Automotive waste, Auto parts, Vehicle parts",/site/dsny/collection/get-rid-of/automotive-waste.page
Antifreeze,/site/dsny/collection/get-rid-of/automotive-waste.page#antifreeze
"Car batteries, Car battery",/site/dsny/collection/get-rid-of/automotive-waste.page#car-batteries
"Gasoline, Gas",/site/dsny/collection/get-rid-of/automotive-waste.page#gasoline
"Motor oil, Transmission fluid",/site/dsny/collection/get-rid-of/automotive-waste.page#motor-oil
"Tires, Car tires, Vehicle tires",/site/dsny/collection/get-rid-of/automotive-waste.page#tires
"Batteries, AA batteries, AAA batteries, C batteries, D batteries, 9-volt batteries, Battery, AA battery, AAA battery, C battery, D battery, 9-volt battery ",/site/dsny/collection/get-rid-of/batteries.page
"Alkaline batteries, Household batteries, Alkaline battery, Household battery",/site/dsny/collection/get-rid-of/batteries.page#alkaline
"Rechargeable batteries, Lithium-ion batteries, Rechargeable battery, Lithium-ion battery",/site/dsny/collection/get-rid-of/batteries.page#lithium-ion
"Button batteries, Coin batteries, Watch batteries, Button battery, Coin battery, Watch battery",/site/dsny/collection/get-rid-of/batteries.page#button
"Construction debris, Construction waste, Construction materials, Bricks, Cabinets, Cabinetry, Toilets, Tubs, Drywall, Sheetrock, Siding, Sinks, Plumbing, Pipes, DIY projects, Do-it-yourself projects, DIY construction projects, Do-it-yourself construction projects",/site/dsny/collection/get-rid-of/construction-debris.page
"Treated wood, Floors, Flooring, Lumber, Particle board, Plywood, Composite wood, Vinyl flooring, Laminate flooring, Linoleum flooring, Tiles",/site/dsny/collection/get-rid-of/construction-debris.page#treated-wood-flooring
Asbestos,/site/dsny/collection/get-rid-of/construction-debris.page#asbestos
"Electronics, E-waste, Computers, Servers, Laptops, Monitors, Keyboards, Mouse, Printers, Scanners, Fax machines, External hard drives, Televisions, TVs, VCRs, DVD players, DVR players, Cable boxes, Satellites, Cell phones, Mobile phones, Tablets, e-readers, MP3 Players, Portable digital music players, Video game consoles, Virtual reality headsets, VR headsets, Digital picture frames",/site/dsny/collection/get-rid-of/electronics.page
"Furniture, Bed frames, Bookcases, Couches,  Sofas, Desks, Dressers, Tables, Chairs, Mirrors",/site/dsny/collection/get-rid-of/furniture-mattresses.page
"Exercise equipment, Treadmills, Elliptical machines, Exercise bicycles, Exercise bike, Stationary bicycles, Stationary bike, Gym equipment, Home gym equipment",/site/dsny/collection/get-rid-of/furniture-mattresses.page#exercise-equipment
"Mattresses, Box springs, Bedding",/site/dsny/collection/get-rid-of/furniture-mattresses.page#mattresses
"Rugs, Carpets, Carpeting, Mats, Floor mats",/site/dsny/collection/get-rid-of/furniture-mattresses.page#rugs
"Gas cylinders, Compressed gas cylinders, Pressurized gas cylinders, Compressed gas tanks, Pressurized gas tanks, Compressed gas canisters, Pressurized gas canisters, Compressed fuel tanks, Pressurized fuel tanks, Fuel cylinders, Fuel canisters, Propane tanks, Butane tanks, Butane canisters, Acetylene tanks, Acetylene cylinders, MAPP gas cylinders, Oxygen tanks, Helium balloon tanks, CO2 cylinders, Carbon dioxide cylinders, Fire extinguishers",/site/dsny/collection/get-rid-of/gas-cylinders-fire-extinguishers.page
"Ink cartridges, Toner cartridges, Inkjet cartridges, Printer ink, Printer toner",/site/dsny/collection/get-rid-of/ink-and-toner-cartridges.page
"Large items, Bulk items, Stuff too big to fit in a bag or bin",/site/dsny/collection/get-rid-of/large-items.page
"Light bulbs, Florescent lights, CFL bulbs",/site/dsny/collection/get-rid-of/light-bulbs.page
"Medical waste, Sharps, Needles, Scalpel blades, Syringes, Lancets, Medication, Pills, Prescription drugs, Pharmaceuticals, Blood, Biological waste, IV bags, Medical equipment, Bodily fluids, Body fluids",/site/dsny/collection/get-rid-of/medical-waste.page
"Cooking oil, Oils, Grease, Vegetable oils, Plant-based oils, Coconut oil, Corn oil, Cottonseed oil, Olive oil, Palm oil, Peanut oil, Rapeseed oil, Canola oil, Safflower oil, Sesame oil, Soybean oil, Sunflower oil ",/site/dsny/collection/get-rid-of/oil-grease.page
"Shortening, Vegetable shortening,  Crisco,  Margarine, Vegan butter, Plant-based butters, Butter, Rendered fats, Lard, Pork fat, Bacon fat, Schmaltz, Chicken fat, Tallow, Beef tallow, Beef fat, Emulsified fats",/site/dsny/collection/get-rid-of/oil-grease.page#shortening-rendered-fat
"Wet wipes, Flushable wet wipes",/site/dsny/collection/get-rid-of/oil-grease.page#wet-wipes
"Plants, Leaves, Leaf and yard waste, Twigs, House plants, Flowers, Grass clippings",/site/dsny/collection/get-rid-of/plant-yard-waste.page
"Christmas trees, Trees, Wreaths, Christmas wreaths, Artificial trees, Artificial Christmas trees, Plastic Christmas trees, Plastic plants",/site/dsny/collection/get-rid-of/plant-yard-waste.page#season-material
"Wood debris, Branches, Tree limbs",/site/dsny/collection/get-rid-of/plant-yard-waste.page#wood-debris
"Recyclables, Recycling",/site/dsny/collection/residents/recycling.page
"Trash bins, Garbage bins, Waste bins, Recycling bins, Compost bins, Trash cans, Garbage cans, Trash containers, Garbage containers, Recycling containers, Waste containers",/site/dsny/collection/residents/recycling.page#waste-bin-disposal
"Metal, Cans, Aluminum foil and trays, Aerosol and paint cans, Wire hangers, Pots and pans, Tin cans, Metal coffee pods, Nespresso coffee pods, Nespresso coffee capsules, Aluminum coffee capsules",/site/dsny/collection/get-rid-of/metal-glass-plastic-cartons.page#metal
"Glass bottles, Glass and jars",/site/dsny/collection/get-rid-of/metal-glass-plastic-cartons.page#glass
"Plastics, Rigid plastic, Hard plastic, Food containers, Drink containers, Plastic packaging, K-cups, Keurig coffee cups, plastic coffee pods, Acetate boxes, Plastic caps, Plastic lids",/site/dsny/collection/get-rid-of/metal-glass-plastic-cartons.page#plastic
"Cartons, Milk cartons, Soup cartons, Juice boxes, Tetra pak containers",/site/dsny/collection/get-rid-of/metal-glass-plastic-cartons.page#cartons
"Paper, Newspapers, Magazines, Construction paper, Envelopes, Wrapping paper, Paperback books, Notebooks, Shredded paper, Paper shred",/site/dsny/collection/get-rid-of/mixed-paper-cardboard.page
"Cardboard, Shoe boxes, Shipping boxes, File folders, Paper cups, Pizza boxes",/site/dsny/collection/get-rid-of/mixed-paper-cardboard.page#cardboard
"Wax paper, Parchment paper, Candy wrappers",/site/dsny/collection/get-rid-of/mixed-paper-cardboard.page#cannot-be-recycled
"Cleaning products, Disinfectants, Cosmetics, Nail polish, Nail polish remover, Hair dye, Detergents, Bleach, Drain cleaners, Drain decloggers, Furniture and floor polish, Hand sanitizer, Oven cleaner, Pest control products, Bug spray, Pesticides, Household products, Household chemicals, Flammable products, Corrosive materials, Harmful household products, Hazardous products, Toxic products",/site/dsny/collection/get-rid-of/harmful-household-products.page
"Paint, Latex paint, Non-latex paint, and Spray Paint, Paint tubes",/site/dsny/collection/get-rid-of/harmful-household-products.page#paint
"Skin lightening products, Skin lightening cosmetics, Skin bleaching creams and soaps, Skin fading creams and soaps, Skin evening creams and soaps, Skin brightening creams and soaps, Skin whitening creams and soaps, Cosmetics containing mercury, Pearl creams, Beauty creams containing mercury, Beauty creams and soaps",/site/dsny/collection/get-rid-of/harmful-household-products.page#skin-lightening-products
"Composting, Food scraps, Food-soiled paper, Meat, Fish, Dairy, Bones, Greasy foods, Coconuts, Leftover foods, Fruits, Vegetables, Rice, Bread, Grains, Coffee grounds (with filters), Tea bags, Egg and eggshells, Nuts, Avocados, Produce, Pasta, Pizza, Greasy pizza boxes, Greasy paper plates, Bagels, Expired food, Beans, Pumpkins, Jack O'lanterns",/site/dsny/collection/residents/curbside-composting.page
"Vehicles, Cars, Trucks, Trailers, Recreational vehicles, RVs, Boats, Motorcycles",/site/dsny/collection/get-rid-of/automotive-waste.page#vehicles
"Derelict vehicles, Abandoned vehicles, Abandoned cars, Abandoned trucks, Abandoned trailers, Abandoned boats, Abandoned motorcycles, Abandoned Recreational Vehicles, Abandoned RVs, Derelict cars, Derelict trucks, Derelict trailers, Derelict boats, Derelict motorcycles, Derelict Recreational Vehicles, Derelict RVs",/site/dsny/what-we-do/cleaning/derelict-vehicles.page
"Abandoned bicycles, Bikes, Electric bikes, Electric bicycles, E-bikes, Electric scooters, E-scooters, Scooters",/site/dsny/what-we-do/cleaning/derelict-vehicles.page#bicycle-disposal
Graffiti,/site/dsny/what-we-do/cleaning/graffiti.page
"Illegal dumping, Trash and debris dumped in a public area ",/site/dsny/what-we-do/cleaning/illegal-dumping.page
"Dog poop, Animal waste, Dog waste, Animal poop",/site/dsny/what-we-do/cleaning/animal-waste.page
"Litter on the highway, Debris on the highway, Trash on the highway",/site/dsny/what-we-do/cleaning/highways.page
Overflowing litter basket,/site/dsny/what-we-do/cleaning/litter-baskets.page
Snow or ice on sidewalks,/site/dsny/what-we-do/snow-response/snow-laws.page
"Cloth, Clothes Clothing, Textiles, Fabric, Household fabrics, Linens, Towels, Sheets, Bedding, Sheets, Comforters, Bedspreads, Pillows, Pillowcases, Rags, Accessories, Belts, Handbags, Gloves, Hats, Curtains",/site/dsny/collection/get-rid-of/clothing-household-fabrics-accessories.page
"Vape pens, E-cigarettes, Electronic cigarettes, Vape cartridges",/site/dsny/what-we-do/programs/special-waste-drop-off.page
"Trash, Garbage, Waste, Refuse, Wooden furniture, Tanglers, Cables, Wires, Extension cords, String lights, Garden hoses, Window blinds, Hardcover books, Cassettes, VHS tapes,  CDs, Soft tissues, Tissue papers, Facial tissues, Paper towels, Napkins, Kitty litter, Glass windows, Dishes, Mugs, Ceramics, Pottery, Drinking glasses, Eye glasses, Glassware, Pyrex, Film plastics, Soft plastics, Plastic wrap, Bubble wrap, Plastic bags, Single use plastic bags, Candy wrappers, Potato chip bags, Snack bags, Snack wrappers, Foam products, Styrofoam, polystyrene, Packing peanuts, Diapers,  Feminine hygiene products, Tampons, Maxipads, Sanitary napkins, Bowling balls, Sports balls,  Basketballs, Footballs, Soccer balls, Baseballs, Softballs, Sports equipment, Ice cream tubs, Plastic mailing envelopes, Plastic mailers, Toothpaste tubes, Tooth brushes, Fruit pouches, Food pouches, Yogurt pouches, Condiment packets, Wet wipes, Face masks, Surgical masks, N95 masks, KN95 masks, Disposable gloves, Plastic gloves, Latex gloves, Markers, Crayons",/site/dsny/collection/residents/trash.page#what-is-trash
"Commercial waste, Business waste, Businesses garbage, Businesses trash, Commercial trash, Commercial garbage",/site/dsny/businesses/businesses.page
"Rats, Mice, Mouse, Rodents, Roaches, 24 hour rat buffet, Bags of trash left out on the street",/site/dsny/collection/containerization.page
"Spurs, San Antonio Spurs, Wemby",/site/dsny/collection/get-rid-of/spurs.page
